{"cameraMode":{"drawMode":0,"name":"Shaded","section":"Shading Mode"},"sceneLighting":true,"audioPlay":false,"sceneViewState":{"showFog":true,"showMaterialUpdate":false,"showSkybox":true,"showFlares":true,"showImageEffects":true,"showParticleSystems":true},"in2DMode":false,"pivot":{"x":0.055177003145217898,"y":0.19470977783203126,"z":4.250971794128418},"rotation":{"x":-0.29294392466545107,"y":-0.009446464478969574,"z":0.0029479360673576595,"w":-0.9561129212379456},"size":10.428839683532715,"orthographic":false}